<pkgref spec="1.12" uuid="DB743CE9-BF92-4462-B317-8C17F742D1FB"><config><identifier>com.kakadusoftware.kakaduDemonstrationAppsForOsx108.libkdu_v74R.pkg</identifier><version>7.4</version><description></description><post-install type="none"/><requireAuthorization/><installFrom relative="true" mod="true">../../bin/libkdu_v74R.dylib</installFrom><installTo mod="true">/usr/lib</installTo><flags><followSymbolicLinks/></flags><packageStore type="internal"></packageStore><mod>installTo.path</mod><mod>version</mod><mod>installFrom.path</mod><mod>relocatable</mod><mod>installTo</mod><mod>parent</mod></config><contents><file-list>01libkdu-contents.xml</file-list><filter>/CVS$</filter><filter>/\.svn$</filter><filter>/\.cvsignore$</filter><filter>/\.cvspass$</filter><filter>/\.DS_Store$</filter></contents></pkgref>