<pkgref spec="1.12" uuid="C78A01E4-7C23-4B6B-A5E4-9C23021926F0"><config><identifier>com.kakadusoftware.kakaduDemonstrationAppsForOsx108.kdu_maketlm.pkg</identifier><version>7.4</version><description></description><post-install type="none"/><requireAuthorization/><installFrom relative="true" mod="true">../../bin/kdu_maketlm</installFrom><installTo mod="true">/usr/bin</installTo><flags><followSymbolicLinks/></flags><packageStore type="internal"></packageStore><mod>installTo.path</mod><mod>version</mod><mod>installFrom.path</mod><mod>relocatable</mod><mod>installTo</mod><mod>parent</mod></config><contents><file-list>06kdu-contents.xml</file-list><filter>/CVS$</filter><filter>/\.svn$</filter><filter>/\.cvsignore$</filter><filter>/\.cvspass$</filter><filter>/\.DS_Store$</filter></contents></pkgref>