<pkgref spec="1.12" uuid="CEACBA8A-8C60-4887-A2C5-F9ACA4829D17"><config><identifier>com.kakadusoftware.kakaduDemonstrationAppsForOsx108.kdu_render.pkg</identifier><version>7.4</version><description></description><post-install type="none"/><requireAuthorization/><installFrom relative="true" mod="true">../../bin/kdu_render</installFrom><installTo mod="true">/usr/bin</installTo><flags><followSymbolicLinks/></flags><packageStore type="internal"></packageStore><mod>installTo.path</mod><mod>version</mod><mod>installFrom.path</mod><mod>relocatable</mod><mod>installTo</mod><mod>parent</mod></config><contents><file-list>08kdu-contents.xml</file-list><filter>/CVS$</filter><filter>/\.svn$</filter><filter>/\.cvsignore$</filter><filter>/\.cvspass$</filter><filter>/\.DS_Store$</filter></contents></pkgref>