<pkgref spec="1.12" uuid="160E304F-099B-4F1F-944A-5262FDF32406"><config><identifier>com.kakadusoftware.kakaduDemonstrationAppsForOsx108.kdu_server_admin.pkg</identifier><version>7.4</version><description></description><post-install type="none"/><requireAuthorization/><installFrom relative="true" mod="true">../../bin/kdu_server_admin</installFrom><installTo mod="true">/usr/bin</installTo><flags><followSymbolicLinks/></flags><packageStore type="internal"></packageStore><mod>installTo.path</mod><mod>installFrom.path</mod><mod>parent</mod><mod>installTo</mod><mod>version</mod></config><contents><file-list>10kdu-contents.xml</file-list><filter>/CVS$</filter><filter>/\.svn$</filter><filter>/\.cvsignore$</filter><filter>/\.cvspass$</filter><filter>/\.DS_Store$</filter></contents></pkgref>