<pkgref spec="1.12" uuid="8EBB0B66-B697-479E-A315-B8A2854681FE"><config><identifier>com.kakadusoftware.kakaduDemonstrationAppsForOsx108.kdu_transcode.pkg</identifier><version>7.4</version><description></description><post-install type="none"/><requireAuthorization/><installFrom relative="true" mod="true">../../bin/kdu_transcode</installFrom><installTo mod="true">/usr/bin</installTo><flags><followSymbolicLinks/></flags><packageStore type="internal"></packageStore><mod>installTo.path</mod><mod>version</mod><mod>installFrom.path</mod><mod>relocatable</mod><mod>installTo</mod><mod>parent</mod></config><contents><file-list>11kdu-contents.xml</file-list><filter>/CVS$</filter><filter>/\.svn$</filter><filter>/\.cvsignore$</filter><filter>/\.cvspass$</filter><filter>/\.DS_Store$</filter></contents></pkgref>