<pkgref spec="1.12" uuid="E8EF6E54-3159-497C-8393-94CE6A55C6FB"><config><identifier>com.kakadusoftware.kakaduDemonstrationAppsForOsx108.kdu_v_compress.pkg</identifier><version>7.4</version><description></description><post-install type="none"/><requireAuthorization/><installFrom relative="true" mod="true">../../bin/kdu_v_compress</installFrom><installTo mod="true">/usr/bin</installTo><flags><followSymbolicLinks/></flags><packageStore type="internal"></packageStore><mod>installTo.path</mod><mod>version</mod><mod>installFrom.path</mod><mod>relocatable</mod><mod>installTo</mod><mod>parent</mod></config><contents><file-list>12kdu-contents.xml</file-list><filter>/CVS$</filter><filter>/\.svn$</filter><filter>/\.cvsignore$</filter><filter>/\.cvspass$</filter><filter>/\.DS_Store$</filter></contents></pkgref>