<pkgref spec="1.12" uuid="572B6DE9-F040-4435-9A74-4D3CEF317666"><config><identifier>com.kakadusoftware.kakaduDemonstrationAppsForOsx108.kdu_v_expand.pkg</identifier><version>7.4</version><description></description><post-install type="none"/><requireAuthorization/><installFrom relative="true" mod="true">../../bin/kdu_v_expand</installFrom><installTo mod="true">/usr/bin</installTo><flags><followSymbolicLinks/></flags><packageStore type="internal"></packageStore><mod>installTo.path</mod><mod>parent</mod><mod>installFrom.path</mod><mod>relocatable</mod><mod>installTo</mod><mod>version</mod></config><contents><file-list>13kdu-contents.xml</file-list><filter>/CVS$</filter><filter>/\.svn$</filter><filter>/\.cvsignore$</filter><filter>/\.cvspass$</filter><filter>/\.DS_Store$</filter></contents></pkgref>