<pkgref spec="1.12" uuid="B419DD9C-F221-41FB-9008-93294694F5B7"><config><identifier>com.kakadusoftware.kakaduDemonstrationAppsForOsx108.kdu_show.pkg</identifier><version>7.4</version><description></description><post-install type="none"/><requireAuthorization/><installFrom relative="true" mod="true" includeRoot="true">../../bin/kdu_show.app</installFrom><installTo>/Applications</installTo><flags><followSymbolicLinks/></flags><packageStore type="internal"></packageStore><mod>installTo</mod><mod>relocatable</mod><mod>installFrom.path</mod><mod>parent</mod><mod>version</mod><mod>includeRoot</mod><mod>installFrom.isRelativeType</mod></config><contents><file-list>15kdu-contents.xml</file-list><component id="com.kakadusoftware.kdu-show" path="/Users/david/Software/Kakadu/bin/kdu_show.app" version="v7.4" isRelocatable="true"><locator-info><token title="pkmk-token-4"><search-rule><combo identifier="com.kakadusoftware.kdu-show" default-path="/Applications/kdu_show.app"/></search-rule></token></locator-info></component><filter>/CVS$</filter><filter>/\.svn$</filter><filter>/\.cvsignore$</filter><filter>/\.cvspass$</filter><filter>/\.DS_Store$</filter></contents></pkgref>