<pkg-contents spec="1.12"><f n="kdu_show.app" o="david" g="staff" p="16877" pt="/Users/david/Software/Kakadu/bin/kdu_show.app" m="false" t="file"><f n="Contents" o="david" g="staff" p="16877"><f n="Info.plist" o="david" g="staff" p="33188"/><f n="MacOS" o="david" g="staff" p="16877"><f n="kdu_show" o="david" g="staff" p="33261"/></f><f n="PkgInfo" o="david" g="staff" p="33188"/><f n="Resources" o="david" g="staff" p="16877"><f n="APPL.icns" o="david" g="staff" p="33261"/><f n="English.lproj" o="david" g="staff" p="16877"><f n="Credits.rtf" o="david" g="staff" p="33261"/><f n="html_help" o="david" g="staff" p="16877"><f n="2lyxpreview1.png" o="david" g="staff" p="33261"/><f n="2lyxpreview2.png" o="david" g="staff" p="33261"/><f n="2lyxpreview3.png" o="david" g="staff" p="33261"/><f n="2lyxpreview4.png" o="david" g="staff" p="33261"/><f n="2lyxpreview5.png" o="david" g="staff" p="33261"/><f n="2lyxpreview6.png" o="david" g="staff" p="33261"/><f n="2lyxpreview7.png" o="david" g="staff" p="33261"/><f n="kdu-show.css" o="david" g="staff" p="33261"/><f n="kdu-show.html" o="david" g="staff" p="33261"/><f n="kdu-show.pdf" o="david" g="staff" p="33261"/><f n="kdu-show0x.png" o="david" g="staff" p="33261"/><f n="kdu-show1x.png" o="david" g="staff" p="33261"/><f n="kdu-show2.html" o="david" g="staff" p="33261"/><f n="kdu-show3.html" o="david" g="staff" p="33261"/><f n="kdu-show4.html" o="david" g="staff" p="33261"/><f n="Usage_Examples.txt" o="david" g="staff" p="33261"/></f><f n="MainMenu.nib" o="david" g="staff" p="33188"/><f n="metadata_editor.nib" o="david" g="staff" p="33188"/><f n="url_dialog.nib" o="david" g="staff" p="33188"/></f><f n="fwd_playbutton.bmp" o="david" g="staff" p="33261"/><f n="fwd_stepbutton.bmp" o="david" g="staff" p="33261"/><f n="go_endbutton.bmp" o="david" g="staff" p="33261"/><f n="go_startbutton.bmp" o="david" g="staff" p="33261"/><f n="left_timebutton.bmp" o="david" g="staff" p="33261"/><f n="rev_playbutton.bmp" o="david" g="staff" p="33261"/><f n="rev_stepbutton.bmp" o="david" g="staff" p="33261"/><f n="right_timebutton.bmp" o="david" g="staff" p="33261"/><f n="stop_playbutton.bmp" o="david" g="staff" p="33261"/></f></f></f></pkg-contents>