<pkgref spec="1.12" uuid="A834DF27-46FD-41D2-BCE9-E18190414457"><config><identifier>com.kakadusoftware.kakaduDemonstrationAppsForOsx108.kdu_jp2info.pkg</identifier><version>7.4</version><description></description><post-install type="none"/><requireAuthorization/><installFrom relative="true">../../bin/kdu_jp2info</installFrom><installTo mod="true">/usr/bin</installTo><flags><followSymbolicLinks/></flags><packageStore type="internal"></packageStore><mod>installTo.path</mod><mod>installFrom.isRelativeType</mod><mod>version</mod><mod>parent</mod><mod>installTo</mod><mod>relocatable</mod></config><contents><file-list>16kdu-contents.xml</file-list><filter>/CVS$</filter><filter>/\.svn$</filter><filter>/\.cvsignore$</filter><filter>/\.cvspass$</filter><filter>/\.DS_Store$</filter></contents></pkgref>