<pkmkdoc spec="1.12"><properties><title>Kakadu Demonstration Apps for OSX10.8</title><build>/Users/david/Software/Kakadu/bin/Kakadu-demo-apps.pkg</build><organization>com.kakadusoftware</organization><userSees ui="both"/><min-target os="3"/><domain anywhere="true"/></properties><distribution><versions min-spec="1.000000"/><scripts></scripts></distribution><description>Kakadu demonstration executables for Mac OSX10.8 and above.</description><contents><choice title="libkdu_v74R" id="choice85" description="Core system shared library.  All the demo apps rely upon this.  If you choose to put it in a custom location, you will need to make sure that location is in the dynamic load path from wherever you tend to run the apps.  This is easy to arrange for applications invoked from a BSD shell, since all you need to do is set the DYLD_LD_LIBRARY path in your &quot;.profile&quot; file.  However, to run the &quot;kdu_show&quot; application directly from the finder, you have to go to a lot more work to let the system know about a custom dynamic load path.  For these reasons, we recommend you leave the destination as is." starts_selected="true" starts_enabled="true" starts_hidden="false"><pkgref id="com.kakadusoftware.kakaduDemonstrationAppsForOsx108.libkdu_v74R.pkg"/></choice><choice title="kdu_buffered_compress" id="choice86" description="Run this application from a BSD shell." starts_selected="true" starts_enabled="true" starts_hidden="false"><pkgref id="com.kakadusoftware.kakaduDemonstrationAppsForOsx108.kdu_buffered_compress.pkg"/></choice><choice title="kdu_buffered_expand" id="choice87" description="Run this application from a BSD shell." starts_selected="true" starts_enabled="true" starts_hidden="false"><pkgref id="com.kakadusoftware.kakaduDemonstrationAppsForOsx108.kdu_buffered_expand.pkg"/></choice><choice title="kdu_compress" id="choice88" description="Run this application from a BSD shell." starts_selected="true" starts_enabled="true" starts_hidden="false"><pkgref id="com.kakadusoftware.kakaduDemonstrationAppsForOsx108.kdu_compress.pkg"/></choice><choice title="kdu_expand" id="choice89" description="Run this application from a BSD shell." starts_selected="true" starts_enabled="true" starts_hidden="false"><pkgref id="com.kakadusoftware.kakaduDemonstrationAppsForOsx108.kdu_expand.pkg"/></choice><choice title="kdu_maketlm" id="choice90" description="Run this application from a BSD shell." starts_selected="true" starts_enabled="true" starts_hidden="false"><pkgref id="com.kakadusoftware.kakaduDemonstrationAppsForOsx108.kdu_maketlm.pkg"/></choice><choice title="kdu_merge" id="choice91" description="Run this application from a BSD shell." starts_selected="true" starts_enabled="true" starts_hidden="false"><pkgref id="com.kakadusoftware.kakaduDemonstrationAppsForOsx108.kdu_merge.pkg"/></choice><choice title="kdu_render" id="choice92" description="Run this application from a BSD shell." starts_selected="true" starts_enabled="true" starts_hidden="false"><pkgref id="com.kakadusoftware.kakaduDemonstrationAppsForOsx108.kdu_render.pkg"/></choice><choice title="kdu_server" id="choice93" description="Run this application from a BSD shell." starts_selected="true" starts_enabled="true" starts_hidden="false"><pkgref id="com.kakadusoftware.kakaduDemonstrationAppsForOsx108.kdu_server.pkg"/></choice><choice title="kdu_server_admin" id="choice94" description="Run this application from a BSD shell." starts_selected="true" starts_enabled="true" starts_hidden="false"><pkgref id="com.kakadusoftware.kakaduDemonstrationAppsForOsx108.kdu_server_admin.pkg"/></choice><choice title="kdu_transcode" id="choice95" description="Run this application from a BSD shell." starts_selected="true" starts_enabled="true" starts_hidden="false"><pkgref id="com.kakadusoftware.kakaduDemonstrationAppsForOsx108.kdu_transcode.pkg"/></choice><choice title="kdu_v_compress" id="choice96" description="Run this application from a BSD shell." starts_selected="true" starts_enabled="true" starts_hidden="false"><pkgref id="com.kakadusoftware.kakaduDemonstrationAppsForOsx108.kdu_v_compress.pkg"/></choice><choice title="kdu_v_expand" id="choice97" description="Run this application from a BSD shell." starts_selected="true" starts_enabled="true" starts_hidden="false"><pkgref id="com.kakadusoftware.kakaduDemonstrationAppsForOsx108.kdu_v_expand.pkg"/></choice><choice title="kdu_vex_fast" id="choice98" description="Run this application from a BSD shell." starts_selected="true" starts_enabled="true" starts_hidden="false"><pkgref id="com.kakadusoftware.kakaduDemonstrationAppsForOsx108.kdu_vex_fast.pkg"/></choice><choice title="kdu_show" id="choice99" description="Typically run from the Finder, but you may execute the application from a BSD shell using &quot;open -a kdu_show&quot;." starts_selected="true" starts_enabled="true" starts_hidden="false"><pkgref id="com.kakadusoftware.kakaduDemonstrationAppsForOsx108.kdu_show.pkg"/></choice><choice title="kdu_jp2info" id="choice102" description="Run this application from a BSD shell." starts_selected="true" starts_enabled="true" starts_hidden="false"><pkgref id="com.kakadusoftware.kakaduDemonstrationAppsForOsx108.kdu_jp2info.pkg"/></choice></contents><resources bg-scale="none" bg-align="topleft"><locale lang="en"><resource mime-type="text/rtf" kind="embedded" type="license"><![CDATA[{\rtf1\ansi\ansicpg1252\cocoartf1187\cocoasubrtf400
{\fonttbl\f0\fnil\fcharset0 LucidaGrande;}
{\colortbl;\red255\green255\blue255;}
\pard\tx560\tx1120\tx1680\tx2240\tx2800\tx3360\tx3920\tx4480\tx5040\tx5600\tx6160\tx6720\pardirnatural

\f0\fs26 \cf0 The Kakadu demonstration applications may be used for strictly non-commercial purposes only.  For information on licensing Kakadu, please visit www.kakadusoftware.com.\
\
You shall not hold liable the author, David Taubman, the copyright holder, NewSouth Innovations Pty Ltd, or the University of New South Wales, for any financial loss or other damage resulting from the use of these demonstration applications.}]]></resource><resource mime-type="text/rtf" kind="embedded" type="readme"><![CDATA[{\rtf1\ansi\ansicpg1252\cocoartf1187\cocoasubrtf400
{\fonttbl\f0\fnil\fcharset0 LucidaGrande;}
{\colortbl;\red255\green255\blue255;}
\pard\tx560\tx1120\tx1680\tx2240\tx2800\tx3360\tx3920\tx4480\tx5040\tx5600\tx6160\tx6720\pardirnatural

\f0\fs26 \cf0 The Kakadu demonstration applications are a collection of programs which serve to demonstrate some of what Kakadu can do.\
\
Some of these applications are remarkably sophisticated.  Nevertheless, the intent is that third party developers build and sell applications based upon a commercial license to the underlying Kakadu software.}]]></resource></locale></resources><requirements><requirement id="tosv" operator="ge" value="'10.8'"><message>These executables are compiled against the 10.8 (Mountain Lion) SDK.  They may also be compiled against earlier SDK's.</message></requirement></requirements><flags/><item type="file">01libkdu.xml</item><item type="file">02kdu.xml</item><item type="file">03kdu.xml</item><item type="file">04kdu.xml</item><item type="file">05kdu.xml</item><item type="file">06kdu.xml</item><item type="file">07kdu.xml</item><item type="file">08kdu.xml</item><item type="file">09kdu.xml</item><item type="file">10kdu.xml</item><item type="file">11kdu.xml</item><item type="file">12kdu.xml</item><item type="file">13kdu.xml</item><item type="file">14kdu.xml</item><item type="file">15kdu.xml</item><item type="file">16kdu.xml</item><mod>properties.title</mod><mod>properties.customizeOption</mod><mod>description</mod></pkmkdoc>